<ImportExportXml version="9.1.24.11" SolutionPackageVersion="9.1" languagecode="1033" generatedBy="OnPremise" xmlns:xsi="http://www.w3.org/2001/XMLSchema-instance">
  <SolutionManifest>
    <UniqueName>Delegation</UniqueName>
    <LocalizedNames>
      <LocalizedName description="Delegation" languagecode="1033" />
    </LocalizedNames>
    <Descriptions />
    <Version>1.0.0.0</Version>
    <Managed>1</Managed>
    <Publisher>
      <UniqueName>joeyslab</UniqueName>
      <LocalizedNames>
        <LocalizedName description="Joey's Lab" languagecode="1033" />
      </LocalizedNames>
      <Descriptions />
      <EMailAddress xsi:nil="true"></EMailAddress>
      <SupportingWebsiteUrl xsi:nil="true"></SupportingWebsiteUrl>
      <CustomizationPrefix>jms</CustomizationPrefix>
      <CustomizationOptionValuePrefix>95270</CustomizationOptionValuePrefix>
      <Addresses>
        <Address>
          <AddressNumber>1</AddressNumber>
          <AddressTypeCode>1</AddressTypeCode>
          <City xsi:nil="true"></City>
          <County xsi:nil="true"></County>
          <Country xsi:nil="true"></Country>
          <Fax xsi:nil="true"></Fax>
          <FreightTermsCode xsi:nil="true"></FreightTermsCode>
          <ImportSequenceNumber xsi:nil="true"></ImportSequenceNumber>
          <Latitude xsi:nil="true"></Latitude>
          <Line1 xsi:nil="true"></Line1>
          <Line2 xsi:nil="true"></Line2>
          <Line3 xsi:nil="true"></Line3>
          <Longitude xsi:nil="true"></Longitude>
          <Name xsi:nil="true"></Name>
          <PostalCode xsi:nil="true"></PostalCode>
          <PostOfficeBox xsi:nil="true"></PostOfficeBox>
          <PrimaryContactName xsi:nil="true"></PrimaryContactName>
          <ShippingMethodCode>1</ShippingMethodCode>
          <StateOrProvince xsi:nil="true"></StateOrProvince>
          <Telephone1 xsi:nil="true"></Telephone1>
          <Telephone2 xsi:nil="true"></Telephone2>
          <Telephone3 xsi:nil="true"></Telephone3>
          <TimeZoneRuleVersionNumber xsi:nil="true"></TimeZoneRuleVersionNumber>
          <UPSZone xsi:nil="true"></UPSZone>
          <UTCOffset xsi:nil="true"></UTCOffset>
          <UTCConversionTimeZoneCode xsi:nil="true"></UTCConversionTimeZoneCode>
        </Address>
        <Address>
          <AddressNumber>2</AddressNumber>
          <AddressTypeCode>1</AddressTypeCode>
          <City xsi:nil="true"></City>
          <County xsi:nil="true"></County>
          <Country xsi:nil="true"></Country>
          <Fax xsi:nil="true"></Fax>
          <FreightTermsCode xsi:nil="true"></FreightTermsCode>
          <ImportSequenceNumber xsi:nil="true"></ImportSequenceNumber>
          <Latitude xsi:nil="true"></Latitude>
          <Line1 xsi:nil="true"></Line1>
          <Line2 xsi:nil="true"></Line2>
          <Line3 xsi:nil="true"></Line3>
          <Longitude xsi:nil="true"></Longitude>
          <Name xsi:nil="true"></Name>
          <PostalCode xsi:nil="true"></PostalCode>
          <PostOfficeBox xsi:nil="true"></PostOfficeBox>
          <PrimaryContactName xsi:nil="true"></PrimaryContactName>
          <ShippingMethodCode>1</ShippingMethodCode>
          <StateOrProvince xsi:nil="true"></StateOrProvince>
          <Telephone1 xsi:nil="true"></Telephone1>
          <Telephone2 xsi:nil="true"></Telephone2>
          <Telephone3 xsi:nil="true"></Telephone3>
          <TimeZoneRuleVersionNumber xsi:nil="true"></TimeZoneRuleVersionNumber>
          <UPSZone xsi:nil="true"></UPSZone>
          <UTCOffset xsi:nil="true"></UTCOffset>
          <UTCConversionTimeZoneCode xsi:nil="true"></UTCConversionTimeZoneCode>
        </Address>
      </Addresses>
    </Publisher>
    <RootComponents>
      <RootComponent type="1" schemaName="jms_customtrigger" behavior="0" />
      <RootComponent type="1" schemaName="jms_delegation" behavior="0" />
      <RootComponent type="1" schemaName="jms_delegationreassignconfiguration" behavior="0" />
      <RootComponent type="1" schemaName="jms_delegationreassignrecord" behavior="0" />
      <RootComponent type="1" schemaName="jms_delegationtest" behavior="0" />
      <RootComponent type="20" id="{764b4e4b-3502-ef11-b4c6-005056814d29}" behavior="0" />
      <RootComponent type="29" id="{0bbb2ae7-2001-ef11-b4c6-005056814d29}" behavior="0" />
      <RootComponent type="29" id="{158193c5-95ff-ee11-b4c9-005056817d25}" behavior="0" />
      <RootComponent type="29" id="{179102f4-c476-4468-bd92-13e91100bf82}" behavior="0" />
      <RootComponent type="29" id="{d360581e-48fb-ee11-b4c8-0050568117ff}" behavior="0" />
      <RootComponent type="36" id="{7fc94ae1-f001-ef11-b4c6-005056814d29}" behavior="0" />
      <RootComponent type="36" id="{afa17af7-e701-ef11-b4c6-005056814d29}" behavior="0" />
      <RootComponent type="60" id="{42869bc7-f8e4-4452-b6bd-5e61ec320775}" behavior="0" />
      <RootComponent type="60" id="{53d8cb88-15db-4632-8258-1e59bdc3051d}" behavior="0" />
      <RootComponent type="60" id="{807a36f8-0e4f-447b-a016-400b5439e057}" behavior="0" />
      <RootComponent type="60" id="{88b36aa9-2d7b-4a06-924f-034e4fc09147}" behavior="0" />
      <RootComponent type="60" id="{96ed43f2-aa05-4e6d-bcde-a3007d168ceb}" behavior="0" />
      <RootComponent type="61" schemaName="jms_DelegationRibbon.js" behavior="0" />
      <RootComponent type="61" schemaName="jms_delegation_Image" behavior="0" />
      <RootComponent type="61" schemaName="jms_delegation_reassign_configuration_image" behavior="0" />
      <RootComponent type="61" schemaName="jms_delegation_reassign_record_image" behavior="0" />
      <RootComponent type="62" schemaName="jms_DelegationApp" behavior="0" />
      <RootComponent type="80" schemaName="jms_DelegationApp" behavior="0" />
      <RootComponent type="91" id="{03080493-87a1-4f04-8853-c7a87be0cb5e}" schemaName="DelegationPlugins, Version=0.0.0.0, Culture=neutral, PublicKeyToken=d1bb612bd0cb0451" behavior="0" />
      <RootComponent type="92" id="{00255e61-1e01-ef11-b4c6-005056814d29}" behavior="0" />
      <RootComponent type="92" id="{7304f42d-1e01-ef11-b4c6-005056814d29}" behavior="0" />
      <RootComponent type="92" id="{b5f9cef8-1e01-ef11-b4c6-005056814d29}" behavior="0" />
      <RootComponent type="92" id="{da9b956e-1e01-ef11-b4c6-005056814d29}" behavior="0" />
      <RootComponent type="92" id="{ebbf223d-1e01-ef11-b4c6-005056814d29}" behavior="0" />
      <RootComponent type="92" id="{f6c6cf47-1f01-ef11-b4c6-005056814d29}" behavior="0" />
    </RootComponents>
    <MissingDependencies>
      <MissingDependency>
        <Required key="0" type="66" schemaName="MscrmControls.OfficeProductivity.LinkControl" displayName="MscrmControls.OfficeProductivity.LinkControl" solution="msdynce_OfficeProductivity (9.0.2008.3000)" />
        <Dependent key="1" type="60" displayName="Information" parentDisplayName="Delegation Reassign Record" id="{42869bc7-f8e4-4452-b6bd-5e61ec320775}" />
      </MissingDependency>
      <MissingDependency>
        <Required key="2" type="66" schemaName="MscrmControls.FieldControls.ToggleControl" displayName="MscrmControls.FieldControls.ToggleControl" solution="BaseCustomControlsCore (9.0.2009.3011)" />
        <Dependent key="3" type="60" displayName="New Form" parentDisplayName="Delegation" id="{88b36aa9-2d7b-4a06-924f-034e4fc09147}" />
      </MissingDependency>
      <MissingDependency>
        <Required key="2" type="66" schemaName="MscrmControls.FieldControls.ToggleControl" displayName="MscrmControls.FieldControls.ToggleControl" solution="BaseCustomControlsCore (9.0.2009.3011)" />
        <Dependent key="4" type="60" displayName="Information" parentDisplayName="Delegation" id="{807a36f8-0e4f-447b-a016-400b5439e057}" />
      </MissingDependency>
      <MissingDependency>
        <Required key="5" type="61" schemaName="msdyn_Dynamics_icons_sales_teammember" displayName="msdyn_Dynamics_icons_sales_teammember" solution="msdyn_SalesTeamMembersApp (9.0.2007.4001)" />
        <Dependent key="6" type="80" schemaName="jms_DelegationApp" displayName="Delegation App" />
      </MissingDependency>
    </MissingDependencies>
  </SolutionManifest>
</ImportExportXml>