<ImportExportXml version="9.1.24.11" SolutionPackageVersion="9.1" languagecode="1033" generatedBy="OnPremise" xmlns:xsi="http://www.w3.org/2001/XMLSchema-instance">
  <SolutionManifest>
    <UniqueName>Delegation</UniqueName>
    <LocalizedNames>
      <LocalizedName description="Delegation" languagecode="1033" />
    </LocalizedNames>
    <Descriptions />
    <Version>1.0.0.0</Version>
    <Managed>1</Managed>
    <Publisher>
      <UniqueName>joeyslab</UniqueName>
      <LocalizedNames>
        <LocalizedName description="Joey's Lab" languagecode="1033" />
      </LocalizedNames>
      <Descriptions />
      <EMailAddress xsi:nil="true"></EMailAddress>
      <SupportingWebsiteUrl xsi:nil="true"></SupportingWebsiteUrl>
      <CustomizationPrefix>jms</CustomizationPrefix>
      <CustomizationOptionValuePrefix>95270</CustomizationOptionValuePrefix>
      <Addresses>
        <Address>
          <AddressNumber>1</AddressNumber>
          <AddressTypeCode>1</AddressTypeCode>
          <City xsi:nil="true"></City>
          <County xsi:nil="true"></County>
          <Country xsi:nil="true"></Country>
          <Fax xsi:nil="true"></Fax>
          <FreightTermsCode xsi:nil="true"></FreightTermsCode>
          <ImportSequenceNumber xsi:nil="true"></ImportSequenceNumber>
          <Latitude xsi:nil="true"></Latitude>
          <Line1 xsi:nil="true"></Line1>
          <Line2 xsi:nil="true"></Line2>
          <Line3 xsi:nil="true"></Line3>
          <Longitude xsi:nil="true"></Longitude>
          <Name xsi:nil="true"></Name>
          <PostalCode xsi:nil="true"></PostalCode>
          <PostOfficeBox xsi:nil="true"></PostOfficeBox>
          <PrimaryContactName xsi:nil="true"></PrimaryContactName>
          <ShippingMethodCode>1</ShippingMethodCode>
          <StateOrProvince xsi:nil="true"></StateOrProvince>
          <Telephone1 xsi:nil="true"></Telephone1>
          <Telephone2 xsi:nil="true"></Telephone2>
          <Telephone3 xsi:nil="true"></Telephone3>
          <TimeZoneRuleVersionNumber xsi:nil="true"></TimeZoneRuleVersionNumber>
          <UPSZone xsi:nil="true"></UPSZone>
          <UTCOffset xsi:nil="true"></UTCOffset>
          <UTCConversionTimeZoneCode xsi:nil="true"></UTCConversionTimeZoneCode>
        </Address>
        <Address>
          <AddressNumber>2</AddressNumber>
          <AddressTypeCode>1</AddressTypeCode>
          <City xsi:nil="true"></City>
          <County xsi:nil="true"></County>
          <Country xsi:nil="true"></Country>
          <Fax xsi:nil="true"></Fax>
          <FreightTermsCode xsi:nil="true"></FreightTermsCode>
          <ImportSequenceNumber xsi:nil="true"></ImportSequenceNumber>
          <Latitude xsi:nil="true"></Latitude>
          <Line1 xsi:nil="true"></Line1>
          <Line2 xsi:nil="true"></Line2>
          <Line3 xsi:nil="true"></Line3>
          <Longitude xsi:nil="true"></Longitude>
          <Name xsi:nil="true"></Name>
          <PostalCode xsi:nil="true"></PostalCode>
          <PostOfficeBox xsi:nil="true"></PostOfficeBox>
          <PrimaryContactName xsi:nil="true"></PrimaryContactName>
          <ShippingMethodCode>1</ShippingMethodCode>
          <StateOrProvince xsi:nil="true"></StateOrProvince>
          <Telephone1 xsi:nil="true"></Telephone1>
          <Telephone2 xsi:nil="true"></Telephone2>
          <Telephone3 xsi:nil="true"></Telephone3>
          <TimeZoneRuleVersionNumber xsi:nil="true"></TimeZoneRuleVersionNumber>
          <UPSZone xsi:nil="true"></UPSZone>
          <UTCOffset xsi:nil="true"></UTCOffset>
          <UTCConversionTimeZoneCode xsi:nil="true"></UTCConversionTimeZoneCode>
        </Address>
      </Addresses>
    </Publisher>
    <RootComponents>
      <RootComponent type="1" schemaName="jms_customtrigger" behavior="0" />
      <RootComponent type="1" schemaName="jms_delegation" behavior="0" />
      <RootComponent type="1" schemaName="jms_delegationreassignconfiguration" behavior="0" />
      <RootComponent type="1" schemaName="jms_delegationreassignrecord" behavior="0" />
      <RootComponent type="1" schemaName="jms_delegationtest" behavior="0" />
      <RootComponent type="29" id="{179102f4-c476-4468-bd92-13e91100bf82}" behavior="0" />
      <RootComponent type="29" id="{6e7853ec-73db-42d8-b74b-06931afcbe67}" behavior="0" />
      <RootComponent type="29" id="{d360581e-48fb-ee11-b4c8-0050568117ff}" behavior="0" />
      <RootComponent type="60" id="{807a36f8-0e4f-447b-a016-400b5439e057}" behavior="0" />
      <RootComponent type="60" id="{88b36aa9-2d7b-4a06-924f-034e4fc09147}" behavior="0" />
      <RootComponent type="60" id="{96ed43f2-aa05-4e6d-bcde-a3007d168ceb}" behavior="0" />
      <RootComponent type="60" id="{a903fbe8-f0d3-4499-a511-ecd29dbdf140}" behavior="0" />
      <RootComponent type="61" schemaName="jms_DelegationRibbon.js" behavior="0" />
      <RootComponent type="91" id="{3387d580-3163-4b86-a931-c468139d14bb}" schemaName="DelegationPlugins, Version=0.0.0.0, Culture=neutral, PublicKeyToken=d1bb612bd0cb0451" behavior="0" />
      <RootComponent type="92" id="{7756ceb7-00f9-ee11-b4c9-005056817d25}" behavior="0" />
      <RootComponent type="92" id="{8c28c614-01f9-ee11-b4c9-005056817d25}" behavior="0" />
      <RootComponent type="92" id="{97449427-01f9-ee11-b4c9-005056817d25}" behavior="0" />
      <RootComponent type="92" id="{ddbd1dd3-00f9-ee11-b4c9-005056817d25}" behavior="0" />
      <RootComponent type="92" id="{ed4766ec-2bfb-ee11-b4c8-0050568117ff}" behavior="0" />
      <RootComponent type="92" id="{f84941a4-00f9-ee11-b4c9-005056817d25}" behavior="0" />
    </RootComponents>
    <MissingDependencies>
      <MissingDependency>
        <Required key="0" type="2" schemaName="cra_office" displayName="Office" parentSchemaName="systemuser" parentDisplayName="User" solution="SHG0UserManagement (1.2.0.1)" />
        <Dependent key="1" type="60" displayName="User Delegation Form" parentDisplayName="User" id="{a903fbe8-f0d3-4499-a511-ecd29dbdf140}" />
      </MissingDependency>
      <MissingDependency>
        <Required key="2" type="2" schemaName="cra_usr_id" displayName="User ID" parentSchemaName="systemuser" parentDisplayName="User" solution="SHG0UserManagement (1.2.0.1)" />
        <Dependent key="1" type="60" displayName="User Delegation Form" parentDisplayName="User" id="{a903fbe8-f0d3-4499-a511-ecd29dbdf140}" />
      </MissingDependency>
      <MissingDependency>
        <Required key="3" type="2" schemaName="territoryid" displayName="Territory" parentSchemaName="systemuser" parentDisplayName="User" solution="msdynce_AppCommon (9.0.4.0066)" />
        <Dependent key="1" type="60" displayName="User Delegation Form" parentDisplayName="User" id="{a903fbe8-f0d3-4499-a511-ecd29dbdf140}" />
      </MissingDependency>
      <MissingDependency>
        <Required key="4" type="10" schemaName="cra_craoffice_systemuser_Office" displayName="cra_craoffice_systemuser_Office" parentSchemaName="cra_craoffice" parentDisplayName="CRA Office" solution="SHG0UserManagement (1.2.0.1)" />
        <Dependent key="1" type="60" displayName="User Delegation Form" parentDisplayName="User" id="{a903fbe8-f0d3-4499-a511-ecd29dbdf140}" />
      </MissingDependency>
      <MissingDependency>
        <Required key="5" type="61" schemaName="cra_/UserManagement/Javascript/systemUser.js" displayName="cra_/UserManagement/Javascript/systemUser.js" solution="SHG0UserManagement (1.2.0.1)" />
        <Dependent key="1" type="60" displayName="User Delegation Form" parentDisplayName="User" id="{a903fbe8-f0d3-4499-a511-ecd29dbdf140}" />
      </MissingDependency>
    </MissingDependencies>
  </SolutionManifest>
</ImportExportXml>