<ImportExportXml xmlns:xsi="http://www.w3.org/2001/XMLSchema-instance">
  <Entities>
    <Entity>
      <Name LocalizedName="Delegation" OriginalName="Delegation">jms_delegation</Name>
      <EntityInfo>
        <entity Name="jms_delegation" unmodified="1">
          <attributes />
        </entity>
      </EntityInfo>
      <RibbonDiffXml>
        <CustomActions>
          <CustomAction Id="jms.jms_delegation.Cancel.Button.CustomAction" Location="Mscrm.Form.jms_delegation.MainTab.Save.Controls._children" Sequence="42">
            <CommandUIDefinition>
              <Button Alt="$LocLabels:jms.jms_delegation.Cancel.Button.Alt" Command="jms.jms_delegation.Cancel.Command" Id="jms.jms_delegation.Cancel.Button" LabelText="$LocLabels:jms.jms_delegation.Cancel.Button.LabelText" Sequence="42" TemplateAlias="o1" ToolTipTitle="$LocLabels:jms.jms_delegation.Cancel.Button.ToolTipTitle" ToolTipDescription="$LocLabels:jms.jms_delegation.Cancel.Button.ToolTipDescription" />
            </CommandUIDefinition>
          </CustomAction>
          <CustomAction Id="jms.jms_delegation.Publish.Button.CustomAction" Location="Mscrm.Form.jms_delegation.MainTab.Save.Controls._children" Sequence="38">
            <CommandUIDefinition>
              <Button Alt="$LocLabels:jms.jms_delegation.Publish.Button.Alt" Command="jms.jms_delegation.Publish.Command" Id="jms.jms_delegation.Publish.Button" Image32by32="$webresource:AppCommon/_imgs/Workplace/ConvertActivity_32.png" Image16by16="$webresource:AppCommon/_imgs/Workplace/ConvertActivity_16.png" LabelText="$LocLabels:jms.jms_delegation.Publish.Button.LabelText" Sequence="38" TemplateAlias="o1" ToolTipTitle="$LocLabels:jms.jms_delegation.Publish.Button.ToolTipTitle" ToolTipDescription="$LocLabels:jms.jms_delegation.Publish.Button.ToolTipDescription" />
            </CommandUIDefinition>
          </CustomAction>
        </CustomActions>
        <Templates>
          <RibbonTemplates Id="Mscrm.Templates"></RibbonTemplates>
        </Templates>
        <CommandDefinitions>
          <CommandDefinition Id="jms.jms_delegation.Cancel.Command">
            <EnableRules>
              <EnableRule Id="jms.jms_delegation.Cancel.EnableRule" />
            </EnableRules>
            <DisplayRules />
            <Actions>
              <JavaScriptFunction FunctionName="DelegationRibbon.Cancel" Library="$webresource:jms_DelegationRibbon.js">
                <CrmParameter Value="PrimaryControl" />
              </JavaScriptFunction>
            </Actions>
          </CommandDefinition>
          <CommandDefinition Id="jms.jms_delegation.Publish.Command">
            <EnableRules>
              <EnableRule Id="jms.jms_delegation.Publish.EnableRule" />
            </EnableRules>
            <DisplayRules />
            <Actions>
              <JavaScriptFunction FunctionName="DelegationRibbon.Publish" Library="$webresource:jms_DelegationRibbon.js">
                <CrmParameter Value="PrimaryControl" />
              </JavaScriptFunction>
            </Actions>
          </CommandDefinition>
        </CommandDefinitions>
        <RuleDefinitions>
          <TabDisplayRules />
          <DisplayRules />
          <EnableRules>
            <EnableRule Id="jms.jms_delegation.Cancel.EnableRule">
              <CustomRule FunctionName="DelegationRibbon.EnableCancel" Library="$webresource:jms_DelegationRibbon.js">
                <CrmParameter Value="PrimaryControl" />
              </CustomRule>
            </EnableRule>
            <EnableRule Id="jms.jms_delegation.Publish.EnableRule">
              <CustomRule FunctionName="DelegationRibbon.EnablePublish" Library="$webresource:jms_DelegationRibbon.js">
                <CrmParameter Value="PrimaryControl" />
              </CustomRule>
            </EnableRule>
          </EnableRules>
        </RuleDefinitions>
        <LocLabels>
          <LocLabel Id="jms.jms_delegation.Cancel.Button.Alt">
            <Titles>
              <Title description="Cancel" languagecode="1033" />
            </Titles>
          </LocLabel>
          <LocLabel Id="jms.jms_delegation.Cancel.Button.LabelText">
            <Titles>
              <Title description="Cancel" languagecode="1033" />
            </Titles>
          </LocLabel>
          <LocLabel Id="jms.jms_delegation.Cancel.Button.ToolTipDescription">
            <Titles>
              <Title description="Cancel" languagecode="1033" />
            </Titles>
          </LocLabel>
          <LocLabel Id="jms.jms_delegation.Cancel.Button.ToolTipTitle">
            <Titles>
              <Title description="Cancel" languagecode="1033" />
            </Titles>
          </LocLabel>
          <LocLabel Id="jms.jms_delegation.Publish.Button.Alt">
            <Titles>
              <Title description="Publish" languagecode="1033" />
            </Titles>
          </LocLabel>
          <LocLabel Id="jms.jms_delegation.Publish.Button.LabelText">
            <Titles>
              <Title description="Publish" languagecode="1033" />
            </Titles>
          </LocLabel>
          <LocLabel Id="jms.jms_delegation.Publish.Button.ToolTipDescription">
            <Titles>
              <Title description="Start to run background process" languagecode="1033" />
            </Titles>
          </LocLabel>
          <LocLabel Id="jms.jms_delegation.Publish.Button.ToolTipTitle">
            <Titles>
              <Title description="Publish Delegation" languagecode="1033" />
            </Titles>
          </LocLabel>
        </LocLabels>
      </RibbonDiffXml>
    </Entity>
  </Entities>
  <Roles></Roles>
  <Workflows></Workflows>
  <FieldSecurityProfiles></FieldSecurityProfiles>
  <Templates />
  <EntityMaps />
  <EntityRelationships />
  <OrganizationSettings />
  <optionsets />
  <CustomControls />
  <EntityDataProviders />
  <Languages>
    <Language>1033</Language>
  </Languages>
</ImportExportXml>